"YearToYear","Rise_Rate"
"2012-2013","3.79521"
"2013-2014","3.27196"
"2014-2015","5.46125"
"2015-2016","5.87497"
